<?xml version="1.0"?>
<scene>
    <textWrapMarker>
        |-----------------------------------------------------------------------------|
    </textWrapMarker>
    <location gen="NAME OF THE GENERAL LOCATION" spec="NAME OF THE SPECIFIC LOCATION" background="NAME OF BACKGROUND + FILE EXTENSION" characterImage="NAME OF CHARACTER IMAGE + EXTENSION">
        <textArea>
            WRITE WHAT GOES IN THE TEXT BOX HERE
        </textArea>
    </location>

    <increase>SKILL YOU WANT TO INCREASE/DECREASE%AMOUNT</increase>

    <button title="TITLE OF THE BUTTON" index="LOCATION OF THE BUTTON (XY)" time="THE AMOUNT OF TIME IT TAKES TO DO THIS ACTION">
        <actionType>WHAT THE BUTTON DOES</actionType>
        <action>DETAILS OF WHAT HAPPENS WHEN PRESSED</action>
    </button>


    <button title="PICK UP" index="00" time="0:00">
        <actionType>newRangedWeapon</actionType>
        <action>WEAPON NAME,IN CONTEXT NAME,DESCRIPTION,PRICE,WEIGHT,SPECIAL RULES,MIN DAMAGE,MAX DAMAGE,PENETRATION,CLIP,FIRE RATE</action>
    </button>
    <button title="PICK UP" index="10" time="0:00">
        <actionType>newMeleeWeapon</actionType>
        <action>WEAPON NAME,IN CONTEXT NAME,DESCRIPTION,PRICE,WEIGHT,SPECIAL RULES,MIN DAMAGE,MAX DAMAGE,PENETRATION</action>
    </button>
    <button title="NEXT" index="51" time="0:35">
        <actionType>switchScene</actionType>
        <action>NAME OF THE SCENE YOU WANT TO SWITCH TO</action>
    </button>
    <button title="TITLE" index="00" time="0:00" skill="ABBREVIATION OF SKILL BEING TESTED" mod="DIFFICULTY (vEasy,easy,avg,med,hard)">
        <actionType>skillTest</actionType>
        <action>PATH TO SUCCEEDED SCENE%PATH TO FAILED SCENE</action>
    </button>

</scene>