<?xml version="1.0"?>
<scene>
    <location gen="GENERIC DESERT" spec="WEST DUNES"
              background="genericDesert.jpg" characterImage="genericPerson.png">
        <textArea>
            You tell her "well sit here and rot you stuck up bitch."

            "Gah! so rude! fine, be that way! like i care! hmph" she says, as she strolls in the
            opposite direction.

            Good riddance you think to yourself.
        </textArea>
    </location>
    <button title="BACK" index="00">
        <actionType>switchScene</actionType>
        <action>tutorial</action>
    </button>
</scene>