<?xml version="1.0"?>
<scene>
    <location gen="GENERIC DESERT" spec="WEST DUNES"
              background="genericDesert.jpg" characterImage="genericPerson.png">
        <textArea>
            "Well sorry im such a terible person, ill just go die then" you say.

            "GOOD! serves you right!" she snuffles back!

            what a bitch you think.
        </textArea>
    </location>
    <button title="BACK" index="00">
        <actionType>switchScene</actionType>
        <action>tutorial</action>
    </button>
</scene>