<?xml version="1.0"?>
<scene>
    <location gen="GENERIC DESERT" spec="WEST DUNES"
              background="genericDesert.jpg" characterImage="genericPerson.png">
        <textArea>
            You pull out your %weaponName and level it at her face.

            "WAIT WHAT ARE YOU..."

            BANG

            She drops to the ground dead.

            What a stuck up bitch you think to yourself.
        </textArea>
    </location>
    <button title="BACK" index="00">
        <actionType>switchScene</actionType>
        <action>tutorial</action>
    </button>
</scene>