<?xml version="1.0"?>
<scene>
    <location gen="GENERIC DESERT" spec="WEST DUNES"
              background="genericDesert.jpg" characterImage="genericPerson.png">
        <textArea>
            You find yourself in a vast generic desert. Its very hot. you dont like it...
            because it's hot. You dont know why you're there. You dont need to know why
            you're there. Go fuck yourself.

            You turn to your companion that you didnt know was there until now.
            She says "Hey %name, you're a fuck face and I dont like you."

            What would you like to say?
        </textArea>
    </location>
    <button title="FUCK OFF" index="00">
        <actionType>switchScene</actionType>
        <action>tutorialFuckOff</action>
    </button>
    <button title="SORRY" index="10">
        <actionType>switchScene</actionType>
        <action>tutorialSorry</action>
    </button>
    <button title="SHOOT" index="20">
        <actionType>switchScene</actionType>
        <action>tutorialShoot</action>
    </button>
</scene>