<?xml version="1.0"?>
<scene>
    <textWrapMarker>
        |-----------------------------------------------------------------------------|
    </textWrapMarker>
    <location gen="CELINA" spec="DOCKS"
              background="introductionCity.jpg" characterImage="">
        <textArea>
            You decide that you couldn't in good conscience leave this girl to whatever
            these men have in store for her. Not wanting to be too rash however, you
            decide it would be best to attempt to first attempt to calmly disarm the
            situation.

            "Look I told you I couldn't do anything about it! I had to turn tail and
            run! You know im telling you the truth!" she argues.

            "I can't believe you're stupid enough to come back here after that shit you
            pulled Charlotte. You're not leaving this dock in one piece!" he growls,
            unsheathing a knife he had strapped to his leg. She lets out a gasp as he
            slams her into the fuselage a second time.

            Okay, things are getting a bit out of hand, if you're going to try to stop
            this you better act quick. On the other hand it might be better to get the
            hell out of here before you're a witness to murder.

            NOTE: SKILL TESTS ARE HIGHLIGHTED IN COORDINATION WITH THEIR DIFFICULTY,
            LIGHT GREEN - VERY EASY, GREEN - EASY, YELLOW - AVERAGE, ORANGE - MODERATE,
            RED - DIFFICULT. SUCCESS IS DETERMINED BY A ROLL BETWEEN 0-100, IF THE ROLL
            IS LESS THAN YOUR SKILL LEVEL, THAN YOU SUCCEED. THE DIFFICULTY EITHER BUFFS
            OR DEBUFFS YOUR SKILL ROLL. A SUCCESS CAN YIELD A FAVORABLE OUTCOME,
            HOWEVER FAILURE CAN MAKE YOUR SITUATION WORSE THAN IT WAS BEFORE.
        </textArea>
    </location>
    <button title="CALM" index="00" time="0:00" skill="cha" mod="easy">
        <actionType>skillTest</actionType>
        <action>introduction/introductionPilotApproachCalmS%introduction/introductionPilotApproachCalmF</action>
    </button>
    <button title="INTIMIDATE" index="10" time="0:00" skill="str" mod="avg">
        <actionType>skillTest</actionType>
        <action>introduction/introductionPilotApproachIntimidateS%introduction/introductionPilotApproachIntimidateF</action>
    </button>
    <button title="LEAVE" index="51" time="0:00">
        <actionType>switchScene</actionType>
        <action>introduction/introduction4</action>
    </button>
</scene>