<?xml version="1.0"?>
<scene>
    <textWrapMarker>
        |-----------------------------------------------------------------------------|
    </textWrapMarker>
    <location gen="CELINA" spec="DOCKS"
              background="introductionCity.jpg" characterImage="">
        <textArea>
            Thinking back to the pilot, you decide you're going to try to get to know
            her. After all, the best way to get your bearing in a new place is to talk
            to the locals.

            Making your way against the flow of traffic, you find her clip board in hand
            making a quick inspection of her plane before she sets off again. The dock
            workers are in the process of refueling and loading cargo as she paces
            restlessly behind them.

            Upon see you approach you hear her mutter "ah shit... What is it? Leave
            something on board? There always has to be one doesn't there... well go get
            it! and be quick! You got about 60 seconds before I take off."

            You begin to explain "Actually I..." when you're cut off by the sound of
            two men in uniform barging their way through the crowd.

            "There's that little bitch!" they exclaim, shoving you aside as they hoist
            her by the collar and slam her into the side of the old bomber.

            Seems as though she's made enemies with the wrong people. It might just be
            best to leave her to her fate, after all, its not your problem. You could
            intervene, however you don't know the whole story, and pissing off powerful
            people is sure to shorten your life expectancy significantly... but then again,
            those bastards did just shove you aside.
        </textArea>
    </location>
    <button title="APPROACH" index="00" time="0:00">
        <actionType>switchScene</actionType>
        <action>introduction/introductionPilotApproach</action>
    </button>
    <button title="PUNCH" index="10" time="0:00">
        <actionType>switchScene</actionType>
        <action>introduction/introduction4</action>
    </button>
    <button title="LEAVE" index="51" time="0:00">
        <actionType>switchScene</actionType>
        <action>introduction/introduction4</action>
    </button>
</scene>