<?xml version="1.0"?>
<scene>
    <textWrapMarker>
        |-----------------------------------------------------------------------------|
    </textWrapMarker>
    <location gen="CELINA" spec="DOCKS"
              background="introductionCity.jpg" characterImage="">
        <textArea>
            "Hey, I don't know what your business is with her, and quite frankly it's
            none of my business, but if I were you, i'd take it somewhere else. There's
            a lot of witnesses around, and you're drawing a lot of attention. Let it go
            for now." you propose to the thugs.

            "Yeah, you're right, it IS none of your damn business buddy!" one says as he
            swings his knife around to face you, "but you gotta good head on your shoulders,
            common Jim, we'll skin this rat where no one can hear it scream." dropping
            the woman, he motions to his companion as they start shoving their way back
            through the startled crowd.

            Shakily the woman hoists herself to her feet, "thanks.." she mutters "though
            it doesn't exactly solve my problem." She turns to face you, though shes trying
            to but on a tough facade, the lingering terror in her eyes is all too present.
            "Anyways, i'm Charlotte, nice to meet you. So you didn't leave something on
            board... then what can I do for you?"

            YOUR RELATION WITH CHARLOTTE HAS INCREASED!
        </textArea>
    </location>
    <increase>charlotteRep%15</increase>
    <button title="LEAVE" index="51" time="0:00">
        <actionType>switchScene</actionType>
        <action>introduction/introduction4</action>
    </button>
</scene>