<?xml version="1.0"?>
<scene>
    <textWrapMarker>
        |-----------------------------------------------------------------------------|
    </textWrapMarker>
    <location gen="CELINA" spec="DOCKS"
              background="introductionCity.jpg" characterImage="">
        <textArea>
            The plane glides to a halt next to one of the many docks protruding into the
            harbor, Instantly dock crews begin to tether the plane down, and you're given
            your first view of your pilot since you boarded; the door to the cockpit
            slides open and a young woman appears in the door frame. She's wearing an old
            scuffed leather jacket that looks to have a history as far back as the plane
            she flies. Her short red hair is disheveled from the wind, and her orange eyes
            dart from passenger to passenger as she leans against the door frame.

            "Alright, welcome to the city of Celina, yady yada yada, you know the drill.
            Okay moving on, the exits right here", she says gesturing to a door on her left
            "make it quick. Lets just say there's a couple of fellows id rather like to
            avoid... oh and watch the blades. If you're tall... make sure to duck." she
            ends with a smirk.

            One by one the other passengers shuffle their way off the plane and on to the
            dock. As time drags on you notice her anxiety slowly begins to show through, as
            she begin to check her watch more frequently. Finally you manage to push your
            way onto the docks, weary of the propellers precariously placed just shy of
            two feet above your head.
        </textArea>
    </location>
    <button title="NEXT" index="51" time="0:00">
        <actionType>switchScene</actionType>
        <action>introduction/introduction4</action>
    </button>
</scene>