<?xml version="1.0"?>
<scene>
    <textWrapMarker>
        |-----------------------------------------------------------------------------|
    </textWrapMarker>
    <location gen="CELINA" spec="HARBOR"
              background="introductionCity.jpg" characterImage="">
        <textArea>
            After a couple of minutes, you notice your altitude has dropped drastically.
            In fact, looking through the view port next to you confirms that the plane
            is practically at sea level now.

            Again you hear the same woman's voice as before, "There's a lot of traffic
            today, so the landings going to get a little rough, for those who've never
            flown before... hold your bag, I don't want to hear you complaining later
            that your stuff is scattered all over my plane; I gotta tight schedule to fill."

            You don't even have time to react before the plane plunges into the ocean.
            Luckily you just manage to snag your pack as you're violently heaved forward.
            Jolt after jolt the plane skips off the crest of the waves, gradually slowing
            down. The sides of the plane hiss with the sound of ocean water slashing against
            the metal fuselage.

            Eventually the twin engines begin to lull into a low idle as you begin your approach
            to the docks.
        </textArea>
    </location>
    <button title="NEXT" index="51" time="0:05">
        <actionType>switchScene</actionType>
        <action>introduction/introduction3</action>
    </button>
</scene>