<?xml version="1.0"?>
<scene>
    <textWrapMarker>
        |-----------------------------------------------------------------------------|
    </textWrapMarker>
    <location gen="ADRIATIC OCEAN" spec="FAIRWEATHER SEA PLANE"
              background="oceanBackground.jpg" characterImage="">
        <textArea>
            "Prepare for landing in 10, gather up your belongings, close any hatches if
            you don't want to get wet... oh, and make sure everyone's accounted for."
            The crackling voice of a woman desperately fights over the loud speaker not
            to be drowned out by the roar of the engines. With that the plane begins
            to lead for landing. Breaking from the cloud coverage, you're graced by the
            most stunning sight you've had all year. The beautiful port city of Celina.

            Looking past the wing you see countless other seaplanes coming and going.
            The port is packed with transports and Airfreighters alike, as soon as one
            plane leaves, another is there to take its place.

            Guess it'll be your turn soon enough.

            After taking in the view for a little while longer, you decide
            it would be best to heed the pilots words and button up the hatch next to
            you. You can help but notice the armored plating surrounding the hole.
            Being a decommissioned bomber, it was more than likely that this was some sort
            of machinegun port back in its prime. The hatch closes with a solid 'thunk'
            as you slide the latch into place.

            Rummaging through your bag, you find all your items are right where you left
            them: your wallet, jacket, knife, and side arm. The only four things you'll
            ever need; If the rumors about this place are true, despite its beauty,
            you feel as though you'll be needing the last two more often than you'd like.
        </textArea>
    </location>
    <button title="NEXT" index="51" time="0:10">
        <actionType>switchScene</actionType>
        <action>introduction/introduction2</action>
    </button>
</scene>