<?xml version="1.0"?>
<scene>
    <textWrapMarker>
        |-----------------------------------------------------------------------------|
    </textWrapMarker>
    <location gen="CELINA" spec="DOCKS"
              background="introductionCity.jpg" characterImage="">
        <textArea>
            YOU FAILED
        </textArea>
    </location>
    <button title="LEAVE" index="51" time="0:00">
        <actionType>switchScene</actionType>
        <action>introduction/introduction4</action>
    </button>
</scene>