<?xml version="1.0"?>
<scene>
    <textWrapMarker>
        |-----------------------------------------------------------------------------|
    </textWrapMarker>
    <location gen="CELINA" spec="DOCKS"
              background="introductionCity.jpg" characterImage="">
        <textArea>
            Breaking away from the crowd, you take the time to survey your surroundings.
            The docks are crowded with people, some boarding planes, others just arriving.
            Dock hands are constantly running about docking, refueling, and loading planes.
            The constant hum of engines fill the air as idle aircraft bob lazily with the
            water. The air has a faint smell of fuel and exhaust to it, but the strong
            ocean breeze keeps it from being too oppressive.

            As for the city itself, the harbor is surrounded by large stone walls built
            into the cliff face, perched atop them lay an old lighthouse as well as various
            ancient battlements. The base of the harbor wall is lined with countless
            fishermen and peddlers looking to sell their wares.

            Past the imposing wall resides the heart of the city. The houses rise in tiers
            as the city sprawls up the side of a mountain. The light tan and red stone
            buildings contrast nicely with the pure blue ocean.

            All of the traffic seems to be flowing towards a single archway leading from the
            port to the city.
        </textArea>
    </location>
    <button title="PILOT" index="00" time="0:00">
        <actionType>switchScene</actionType>
        <action>introduction/introductionPilot</action>
    </button>
    <button title="MERCHANTS" index="10" time="0:00">
        <actionType>switchScene</actionType>
        <action>introduction/introduction4</action>
    </button>
    <button title="CITY" index="20" time="0:00">
        <actionType>switchScene</actionType>
        <action>introduction/introduction4</action>
    </button>
</scene>